id,name,full_name,html_url,description,created_at,updated_at,homepage,size,stargazers_count,watchers_count,language,has_issues,has_projects,has_downloads,has_wiki,has_pages,forks_count,open_issues_count,forks,open_issues,watchers,network_count,subscribers_count,date
139199684,prefect,PrefectHQ/prefect,https://github.com/PrefectHQ/prefect,"The easiest way to automate your data",2018-06-29T21:59:26Z,2022-04-28T15:38:12Z,https://prefect.io,78413,8760,8760,Python,true,true,true,false,false,870,502,870,502,8760,870,146,2022-04-28
204086862,streamlit,streamlit/streamlit,https://github.com/streamlit/streamlit,"Streamlit — The fastest way to build data apps in Python",2019-08-24T00:14:52Z,2022-04-28T14:30:49Z,https://streamlit.io,134809,18786,18786,Python,true,false,true,true,false,1697,572,1697,572,18786,1697,264,2022-04-28
370568987,datahub,acryldata/datahub,https://github.com/acryldata/datahub,"A Generalized Metadata Search & Discovery Tool",2021-05-25T04:58:37Z,2022-03-21T17:04:27Z,https://datahubproject.io,264470,5,5,Java,false,true,true,false,false,3,4,3,4,5,1463,1,2022-04-28
null,null,null,null,null,null,null,null,null,null,null,null,null,null,null,null,null,null,null,null,null,null,null,null,2022-04-28
60246359,ClickHouse,ClickHouse/ClickHouse,https://github.com/ClickHouse/ClickHouse,"ClickHouse® is a free analytics DBMS for big data",2016-06-02T08:28:18Z,2022-04-28T14:51:03Z,https://clickhouse.com,712005,23420,23420,C++,true,true,true,true,false,4677,2217,4677,2217,23420,4677,668,2022-04-28
131619646,dagster,dagster-io/dagster,https://github.com/dagster-io/dagster,"An orchestration platform for the development, production, and observation of data assets.",2018-04-30T16:30:04Z,2022-04-28T14:14:42Z,https://dagster.io,447484,4634,4634,Python,true,true,true,false,false,586,991,586,991,4634,586,83,2022-04-28
53548867,dbt-core,dbt-labs/dbt-core,https://github.com/dbt-labs/dbt-core,"dbt enables data analysts and engineers to transform their data using the same practices that software engineers use to build applications.",2016-03-10T02:38:00Z,2022-04-28T14:11:59Z,https://getdbt.com,21201,4605,4605,Python,true,false,true,true,false,861,331,861,331,4605,861,102,2022-04-28
139199684,prefect,PrefectHQ/prefect,https://github.com/PrefectHQ/prefect,"The easiest way to automate your data",2018-06-29T21:59:26Z,2022-04-28T15:38:12Z,https://prefect.io,78413,8760,8760,Python,true,true,true,false,false,870,501,870,501,8760,870,146,2022-04-28
204086862,streamlit,streamlit/streamlit,https://github.com/streamlit/streamlit,"Streamlit — The fastest way to build data apps in Python",2019-08-24T00:14:52Z,2022-04-28T14:30:49Z,https://streamlit.io,134810,18786,18786,Python,true,false,true,true,false,1697,572,1697,572,18786,1697,264,2022-04-28
370568987,datahub,acryldata/datahub,https://github.com/acryldata/datahub,"A Generalized Metadata Search & Discovery Tool",2021-05-25T04:58:37Z,2022-03-21T17:04:27Z,https://datahubproject.io,264470,5,5,Java,false,true,true,false,false,3,4,3,4,5,1463,1,2022-04-28
null,null,null,null,null,null,null,null,null,null,null,null,null,null,null,null,null,null,null,null,null,null,null,null,2022-04-28
60246359,ClickHouse,ClickHouse/ClickHouse,https://github.com/ClickHouse/ClickHouse,"ClickHouse® is a free analytics DBMS for big data",2016-06-02T08:28:18Z,2022-04-28T17:56:01Z,https://clickhouse.com,712165,23422,23422,C++,true,true,true,true,false,4677,2213,4677,2213,23422,4677,669,2022-04-28
131619646,dagster,dagster-io/dagster,https://github.com/dagster-io/dagster,"An orchestration platform for the development, production, and observation of data assets.",2018-04-30T16:30:04Z,2022-04-28T14:14:42Z,https://dagster.io,447525,4634,4634,Python,true,true,true,false,false,586,991,586,991,4634,586,83,2022-04-28
53548867,dbt-core,dbt-labs/dbt-core,https://github.com/dbt-labs/dbt-core,"dbt enables data analysts and engineers to transform their data using the same practices that software engineers use to build applications.",2016-03-10T02:38:00Z,2022-04-28T18:17:32Z,https://getdbt.com,21204,4607,4607,Python,true,false,true,true,false,861,331,861,331,4607,861,102,2022-04-28
139199684,prefect,PrefectHQ/prefect,https://github.com/PrefectHQ/prefect,"The easiest way to automate your data",2018-06-29T21:59:26Z,2022-04-29T18:25:11Z,https://prefect.io,78406,8766,8766,Python,true,true,true,false,false,872,505,872,505,8766,872,146,2022-04-29
204086862,streamlit,streamlit/streamlit,https://github.com/streamlit/streamlit,"Streamlit — The fastest way to build data apps in Python",2019-08-24T00:14:52Z,2022-04-29T18:26:18Z,https://streamlit.io,134832,18800,18800,Python,true,false,true,true,false,1699,574,1699,574,18800,1699,264,2022-04-29
370568987,datahub,acryldata/datahub,https://github.com/acryldata/datahub,"A Generalized Metadata Search & Discovery Tool",2021-05-25T04:58:37Z,2022-04-29T06:42:10Z,https://datahubproject.io,264488,6,6,Java,false,true,true,false,false,3,4,3,4,6,1465,1,2022-04-29
null,null,null,null,null,null,null,null,null,null,null,null,null,null,null,null,null,null,null,null,null,null,null,null,2022-04-29
60246359,ClickHouse,ClickHouse/ClickHouse,https://github.com/ClickHouse/ClickHouse,"ClickHouse® is a free analytics DBMS for big data",2016-06-02T08:28:18Z,2022-04-29T18:16:23Z,https://clickhouse.com,713016,23440,23440,C++,true,true,true,true,false,4680,2210,4680,2210,23440,4680,669,2022-04-29
131619646,dagster,dagster-io/dagster,https://github.com/dagster-io/dagster,"An orchestration platform for the development, production, and observation of data assets.",2018-04-30T16:30:04Z,2022-04-29T18:18:43Z,https://dagster.io,448219,4639,4639,Python,true,true,true,false,false,587,981,587,981,4639,587,83,2022-04-29
53548867,dbt-core,dbt-labs/dbt-core,https://github.com/dbt-labs/dbt-core,"dbt enables data analysts and engineers to transform their data using the same practices that software engineers use to build applications.",2016-03-10T02:38:00Z,2022-04-29T18:24:00Z,https://getdbt.com,21212,4622,4622,Python,true,false,true,true,false,865,338,865,338,4622,865,103,2022-04-29
139199684,prefect,PrefectHQ/prefect,https://github.com/PrefectHQ/prefect,"The easiest way to automate your data",2018-06-29T21:59:26Z,2022-04-30T18:15:36Z,https://prefect.io,78406,8775,8775,Python,true,true,true,false,false,873,506,873,506,8775,873,146,2022-04-30
204086862,streamlit,streamlit/streamlit,https://github.com/streamlit/streamlit,"Streamlit — The fastest way to build data apps in Python",2019-08-24T00:14:52Z,2022-04-30T17:18:02Z,https://streamlit.io,134846,18810,18810,Python,true,false,true,true,false,1701,574,1701,574,18810,1701,264,2022-04-30
370568987,datahub,acryldata/datahub,https://github.com/acryldata/datahub,"A Generalized Metadata Search & Discovery Tool",2021-05-25T04:58:37Z,2022-04-29T06:42:10Z,https://datahubproject.io,264488,6,6,Java,false,true,true,false,false,3,4,3,4,6,1466,1,2022-04-30
null,null,null,null,null,null,null,null,null,null,null,null,null,null,null,null,null,null,null,null,null,null,null,null,2022-04-30
60246359,ClickHouse,ClickHouse/ClickHouse,https://github.com/ClickHouse/ClickHouse,"ClickHouse® is a free analytics DBMS for big data",2016-06-02T08:28:18Z,2022-04-30T16:45:56Z,https://clickhouse.com,713981,23452,23452,C++,true,true,true,true,false,4681,2207,4681,2207,23452,4681,669,2022-04-30
131619646,dagster,dagster-io/dagster,https://github.com/dagster-io/dagster,"An orchestration platform for the development, production, and observation of data assets.",2018-04-30T16:30:04Z,2022-04-30T08:23:58Z,https://dagster.io,448377,4640,4640,Python,true,true,true,false,false,587,982,587,982,4640,587,83,2022-04-30
53548867,dbt-core,dbt-labs/dbt-core,https://github.com/dbt-labs/dbt-core,"dbt enables data analysts and engineers to transform their data using the same practices that software engineers use to build applications.",2016-03-10T02:38:00Z,2022-04-30T18:03:41Z,https://getdbt.com,21237,4640,4640,Python,true,false,true,true,false,866,339,866,339,4640,866,103,2022-04-30
139199684,prefect,PrefectHQ/prefect,https://github.com/PrefectHQ/prefect,"The easiest way to automate your data",2018-06-29T21:59:26Z,2022-05-01T16:28:28Z,https://prefect.io,78411,8780,8780,Python,true,true,true,false,false,874,509,874,509,8780,874,147,2022-05-01
204086862,streamlit,streamlit/streamlit,https://github.com/streamlit/streamlit,"Streamlit — The fastest way to build data apps in Python",2019-08-24T00:14:52Z,2022-05-01T08:16:20Z,https://streamlit.io,134847,18816,18816,Python,true,false,true,true,false,1701,575,1701,575,18816,1701,264,2022-05-01
370568987,datahub,acryldata/datahub,https://github.com/acryldata/datahub,"A Generalized Metadata Search & Discovery Tool",2021-05-25T04:58:37Z,2022-04-29T06:42:10Z,https://datahubproject.io,264488,6,6,Java,false,true,true,false,false,3,4,3,4,6,1466,1,2022-05-01
null,null,null,null,null,null,null,null,null,null,null,null,null,null,null,null,null,null,null,null,null,null,null,null,2022-05-01
60246359,ClickHouse,ClickHouse/ClickHouse,https://github.com/ClickHouse/ClickHouse,"ClickHouse® is a free analytics DBMS for big data",2016-06-02T08:28:18Z,2022-05-01T18:21:44Z,https://clickhouse.com,714217,23461,23461,C++,true,true,true,true,false,4685,2198,4685,2198,23461,4685,669,2022-05-01
131619646,dagster,dagster-io/dagster,https://github.com/dagster-io/dagster,"An orchestration platform for the development, production, and observation of data assets.",2018-04-30T16:30:04Z,2022-05-01T07:29:25Z,https://dagster.io,448417,4642,4642,Python,true,true,true,false,false,587,984,587,984,4642,587,83,2022-05-01
53548867,dbt-core,dbt-labs/dbt-core,https://github.com/dbt-labs/dbt-core,"dbt enables data analysts and engineers to transform their data using the same practices that software engineers use to build applications.",2016-03-10T02:38:00Z,2022-05-01T11:22:48Z,https://getdbt.com,21237,4647,4647,Python,true,false,true,true,false,869,338,869,338,4647,869,104,2022-05-01
139199684,prefect,PrefectHQ/prefect,https://github.com/PrefectHQ/prefect,"The easiest way to automate your data",2018-06-29T21:59:26Z,2022-05-02T16:44:02Z,https://prefect.io,78418,8786,8786,Python,true,true,true,false,false,875,510,875,510,8786,875,147,2022-05-02
204086862,streamlit,streamlit/streamlit,https://github.com/streamlit/streamlit,"Streamlit — The fastest way to build data apps in Python",2019-08-24T00:14:52Z,2022-05-02T18:04:49Z,https://streamlit.io,135189,18835,18835,Python,true,false,true,true,false,1703,576,1703,576,18835,1703,264,2022-05-02
370568987,datahub,acryldata/datahub,https://github.com/acryldata/datahub,"A Generalized Metadata Search & Discovery Tool",2021-05-25T04:58:37Z,2022-04-29T06:42:10Z,https://datahubproject.io,264488,6,6,Java,false,true,true,false,false,3,4,3,4,6,1466,1,2022-05-02
null,null,null,null,null,null,null,null,null,null,null,null,null,null,null,null,null,null,null,null,null,null,null,null,2022-05-02
60246359,ClickHouse,ClickHouse/ClickHouse,https://github.com/ClickHouse/ClickHouse,"ClickHouse® is a free analytics DBMS for big data",2016-06-02T08:28:18Z,2022-05-02T18:18:45Z,https://clickhouse.com,715087,23473,23473,C++,true,true,true,true,false,4686,2183,4686,2183,23473,4686,669,2022-05-02
131619646,dagster,dagster-io/dagster,https://github.com/dagster-io/dagster,"An orchestration platform for the development, production, and observation of data assets.",2018-04-30T16:30:04Z,2022-05-02T18:05:16Z,https://dagster.io,448751,4645,4645,Python,true,true,true,false,false,587,982,587,982,4645,587,83,2022-05-02
53548867,dbt-core,dbt-labs/dbt-core,https://github.com/dbt-labs/dbt-core,"dbt enables data analysts and engineers to transform their data using the same practices that software engineers use to build applications.",2016-03-10T02:38:00Z,2022-05-02T15:45:22Z,https://getdbt.com,21267,4651,4651,Python,true,false,true,true,false,871,334,871,334,4651,871,103,2022-05-02
139199684,prefect,PrefectHQ/prefect,https://github.com/PrefectHQ/prefect,"The easiest way to automate your data",2018-06-29T21:59:26Z,2022-05-03T08:30:20Z,https://prefect.io,78418,8789,8789,Python,true,true,true,false,false,875,516,875,516,8789,875,146,2022-05-03
204086862,streamlit,streamlit/streamlit,https://github.com/streamlit/streamlit,"Streamlit — The fastest way to build data apps in Python",2019-08-24T00:14:52Z,2022-05-03T17:32:28Z,https://streamlit.io,135197,18849,18849,Python,true,false,true,true,false,1703,578,1703,578,18849,1703,264,2022-05-03
370568987,datahub,acryldata/datahub,https://github.com/acryldata/datahub,"A Generalized Metadata Search & Discovery Tool",2021-05-25T04:58:37Z,2022-04-29T06:42:10Z,https://datahubproject.io,266647,6,6,Java,false,true,true,false,false,3,4,3,4,6,1465,1,2022-05-03
null,null,null,null,null,null,null,null,null,null,null,null,null,null,null,null,null,null,null,null,null,null,null,null,2022-05-03
60246359,ClickHouse,ClickHouse/ClickHouse,https://github.com/ClickHouse/ClickHouse,"ClickHouse® is a free analytics DBMS for big data",2016-06-02T08:28:18Z,2022-05-03T18:06:28Z,https://clickhouse.com,719408,23488,23488,C++,true,true,true,true,false,4685,2192,4685,2192,23488,4685,670,2022-05-03
131619646,dagster,dagster-io/dagster,https://github.com/dagster-io/dagster,"An orchestration platform for the development, production, and observation of data assets.",2018-04-30T16:30:04Z,2022-05-03T17:44:14Z,https://dagster.io,448985,4651,4651,Python,true,true,true,false,false,588,961,588,961,4651,588,84,2022-05-03
53548867,dbt-core,dbt-labs/dbt-core,https://github.com/dbt-labs/dbt-core,"dbt enables data analysts and engineers to transform their data using the same practices that software engineers use to build applications.",2016-03-10T02:38:00Z,2022-05-03T17:17:58Z,https://getdbt.com,21286,4658,4658,Python,true,false,true,true,false,871,327,871,327,4658,871,103,2022-05-03
139199684,prefect,PrefectHQ/prefect,https://github.com/PrefectHQ/prefect,"The easiest way to automate your data",2018-06-29T21:59:26Z,2022-05-04T15:44:53Z,https://prefect.io,78430,8793,8793,Python,true,true,true,false,false,876,516,876,516,8793,876,146,2022-05-04
204086862,streamlit,streamlit/streamlit,https://github.com/streamlit/streamlit,"Streamlit — The fastest way to build data apps in Python",2019-08-24T00:14:52Z,2022-05-04T17:41:02Z,https://streamlit.io,135196,18861,18861,Python,true,false,true,true,false,1704,588,1704,588,18861,1704,264,2022-05-04
370568987,datahub,acryldata/datahub,https://github.com/acryldata/datahub,"A Generalized Metadata Search & Discovery Tool",2021-05-25T04:58:37Z,2022-04-29T06:42:10Z,https://datahubproject.io,266659,6,6,Java,false,true,true,false,false,3,4,3,4,6,1466,1,2022-05-04
null,null,null,null,null,null,null,null,null,null,null,null,null,null,null,null,null,null,null,null,null,null,null,null,2022-05-04
60246359,ClickHouse,ClickHouse/ClickHouse,https://github.com/ClickHouse/ClickHouse,"ClickHouse® is a free analytics DBMS for big data",2016-06-02T08:28:18Z,2022-05-04T16:35:58Z,https://clickhouse.com,720363,23508,23508,C++,true,true,true,true,false,4686,2197,4686,2197,23508,4686,671,2022-05-04
131619646,dagster,dagster-io/dagster,https://github.com/dagster-io/dagster,"An orchestration platform for the development, production, and observation of data assets.",2018-04-30T16:30:04Z,2022-05-04T17:17:19Z,https://dagster.io,449203,4651,4651,Python,true,true,true,false,false,588,939,588,939,4651,588,84,2022-05-04
53548867,dbt-core,dbt-labs/dbt-core,https://github.com/dbt-labs/dbt-core,"dbt enables data analysts and engineers to transform their data using the same practices that software engineers use to build applications.",2016-03-10T02:38:00Z,2022-05-04T18:27:27Z,https://getdbt.com,21220,4667,4667,Python,true,false,true,true,false,872,324,872,324,4667,872,103,2022-05-04
139199684,prefect,PrefectHQ/prefect,https://github.com/PrefectHQ/prefect,"The easiest way to automate your data",2018-06-29T21:59:26Z,2022-05-05T13:40:35Z,https://prefect.io,78430,8794,8794,Python,true,true,true,false,false,878,520,878,520,8794,878,146,2022-05-05
204086862,streamlit,streamlit/streamlit,https://github.com/streamlit/streamlit,"Streamlit — The fastest way to build data apps in Python",2019-08-24T00:14:52Z,2022-05-05T17:24:06Z,https://streamlit.io,135209,18876,18876,Python,true,false,true,true,false,1704,584,1704,584,18876,1704,264,2022-05-05
370568987,datahub,acryldata/datahub,https://github.com/acryldata/datahub,"A Generalized Metadata Search & Discovery Tool",2021-05-25T04:58:37Z,2022-04-29T06:42:10Z,https://datahubproject.io,266924,6,6,Java,false,true,true,false,false,3,4,3,4,6,1466,1,2022-05-05
null,null,null,null,null,null,null,null,null,null,null,null,null,null,null,null,null,null,null,null,null,null,null,null,2022-05-05
60246359,ClickHouse,ClickHouse/ClickHouse,https://github.com/ClickHouse/ClickHouse,"ClickHouse® is a free analytics DBMS for big data",2016-06-02T08:28:18Z,2022-05-05T17:22:00Z,https://clickhouse.com,721463,23523,23523,C++,true,true,true,true,false,4686,2203,4686,2203,23523,4686,671,2022-05-05
131619646,dagster,dagster-io/dagster,https://github.com/dagster-io/dagster,"An orchestration platform for the development, production, and observation of data assets.",2018-04-30T16:30:04Z,2022-05-05T09:41:22Z,https://dagster.io,449761,4657,4657,Python,true,true,true,false,false,589,943,589,943,4657,589,84,2022-05-05
53548867,dbt-core,dbt-labs/dbt-core,https://github.com/dbt-labs/dbt-core,"dbt enables data analysts and engineers to transform their data using the same practices that software engineers use to build applications.",2016-03-10T02:38:00Z,2022-05-05T17:54:06Z,https://getdbt.com,21208,4672,4672,Python,true,false,true,true,false,873,322,873,322,4672,873,103,2022-05-05
139199684,prefect,PrefectHQ/prefect,https://github.com/PrefectHQ/prefect,"The easiest way to automate your data",2018-06-29T21:59:26Z,2022-05-06T18:18:14Z,https://prefect.io,78459,8802,8802,Python,true,true,true,false,false,879,516,879,516,8802,879,146,2022-05-06
204086862,streamlit,streamlit/streamlit,https://github.com/streamlit/streamlit,"Streamlit — The fastest way to build data apps in Python",2019-08-24T00:14:52Z,2022-05-06T18:13:54Z,https://streamlit.io,135228,18883,18883,Python,true,false,true,true,false,1706,582,1706,582,18883,1706,264,2022-05-06
370568987,datahub,acryldata/datahub,https://github.com/acryldata/datahub,"A Generalized Metadata Search & Discovery Tool",2021-05-25T04:58:37Z,2022-04-29T06:42:10Z,https://datahubproject.io,266916,6,6,Java,false,true,true,false,false,3,5,3,5,6,1469,1,2022-05-06
null,null,null,null,null,null,null,null,null,null,null,null,null,null,null,null,null,null,null,null,null,null,null,null,2022-05-06
60246359,ClickHouse,ClickHouse/ClickHouse,https://github.com/ClickHouse/ClickHouse,"ClickHouse® is a free analytics DBMS for big data",2016-06-02T08:28:18Z,2022-05-06T18:07:47Z,https://clickhouse.com,721967,23538,23538,C++,true,true,true,true,false,4688,2199,4688,2199,23538,4688,672,2022-05-06
131619646,dagster,dagster-io/dagster,https://github.com/dagster-io/dagster,"An orchestration platform for the development, production, and observation of data assets.",2018-04-30T16:30:04Z,2022-05-06T17:41:06Z,https://dagster.io,449901,4667,4667,Python,true,true,true,false,false,590,952,590,952,4667,590,84,2022-05-06
53548867,dbt-core,dbt-labs/dbt-core,https://github.com/dbt-labs/dbt-core,"dbt enables data analysts and engineers to transform their data using the same practices that software engineers use to build applications.",2016-03-10T02:38:00Z,2022-05-06T11:48:26Z,https://getdbt.com,21222,4681,4681,Python,true,false,true,true,false,875,325,875,325,4681,875,103,2022-05-06
139199684,prefect,PrefectHQ/prefect,https://github.com/PrefectHQ/prefect,"The easiest way to automate your data",2018-06-29T21:59:26Z,2022-05-07T18:17:29Z,https://prefect.io,78459,8804,8804,Python,true,true,true,false,false,879,518,879,518,8804,879,146,2022-05-07
204086862,streamlit,streamlit/streamlit,https://github.com/streamlit/streamlit,"Streamlit — The fastest way to build data apps in Python",2019-08-24T00:14:52Z,2022-05-07T15:53:55Z,https://streamlit.io,135161,18894,18894,Python,true,false,true,true,false,1706,581,1706,581,18894,1706,264,2022-05-07
370568987,datahub,acryldata/datahub,https://github.com/acryldata/datahub,"A Generalized Metadata Search & Discovery Tool",2021-05-25T04:58:37Z,2022-04-29T06:42:10Z,https://datahubproject.io,266916,6,6,Java,false,true,true,false,false,3,5,3,5,6,1471,1,2022-05-07
null,null,null,null,null,null,null,null,null,null,null,null,null,null,null,null,null,null,null,null,null,null,null,null,2022-05-07
60246359,ClickHouse,ClickHouse/ClickHouse,https://github.com/ClickHouse/ClickHouse,"ClickHouse® is a free analytics DBMS for big data",2016-06-02T08:28:18Z,2022-05-07T18:05:33Z,https://clickhouse.com,722592,23559,23559,C++,true,true,true,true,false,4697,2198,4697,2198,23559,4697,672,2022-05-07
131619646,dagster,dagster-io/dagster,https://github.com/dagster-io/dagster,"An orchestration platform for the development, production, and observation of data assets.",2018-04-30T16:30:04Z,2022-05-07T11:47:06Z,https://dagster.io,450166,4673,4673,Python,true,true,true,false,false,591,955,591,955,4673,591,84,2022-05-07
53548867,dbt-core,dbt-labs/dbt-core,https://github.com/dbt-labs/dbt-core,"dbt enables data analysts and engineers to transform their data using the same practices that software engineers use to build applications.",2016-03-10T02:38:00Z,2022-05-07T18:17:25Z,https://getdbt.com,21224,4688,4688,Python,true,false,true,true,false,875,325,875,325,4688,875,102,2022-05-07
139199684,prefect,PrefectHQ/prefect,https://github.com/PrefectHQ/prefect,"The easiest way to automate your data",2018-06-29T21:59:26Z,2022-05-08T16:53:43Z,https://prefect.io,78459,8818,8818,Python,true,true,true,false,false,879,522,879,522,8818,879,146,2022-05-08
204086862,streamlit,streamlit/streamlit,https://github.com/streamlit/streamlit,"Streamlit — The fastest way to build data apps in Python",2019-08-24T00:14:52Z,2022-05-08T16:26:09Z,https://streamlit.io,135162,18900,18900,Python,true,false,true,true,false,1705,588,1705,588,18900,1705,264,2022-05-08
370568987,datahub,acryldata/datahub,https://github.com/acryldata/datahub,"A Generalized Metadata Search & Discovery Tool",2021-05-25T04:58:37Z,2022-04-29T06:42:10Z,https://datahubproject.io,266916,6,6,Java,false,true,true,false,false,3,5,3,5,6,1472,1,2022-05-08
null,null,null,null,null,null,null,null,null,null,null,null,null,null,null,null,null,null,null,null,null,null,null,null,2022-05-08
60246359,ClickHouse,ClickHouse/ClickHouse,https://github.com/ClickHouse/ClickHouse,"ClickHouse® is a free analytics DBMS for big data",2016-06-02T08:28:18Z,2022-05-08T18:00:23Z,https://clickhouse.com,722791,23570,23570,C++,true,true,true,true,false,4698,2183,4698,2183,23570,4698,672,2022-05-08
131619646,dagster,dagster-io/dagster,https://github.com/dagster-io/dagster,"An orchestration platform for the development, production, and observation of data assets.",2018-04-30T16:30:04Z,2022-05-08T12:33:36Z,https://dagster.io,450244,4674,4674,Python,true,true,true,false,false,591,959,591,959,4674,591,84,2022-05-08
53548867,dbt-core,dbt-labs/dbt-core,https://github.com/dbt-labs/dbt-core,"dbt enables data analysts and engineers to transform their data using the same practices that software engineers use to build applications.",2016-03-10T02:38:00Z,2022-05-08T17:44:33Z,https://getdbt.com,21224,4694,4694,Python,true,false,true,true,false,875,325,875,325,4694,875,102,2022-05-08
139199684,prefect,PrefectHQ/prefect,https://github.com/PrefectHQ/prefect,"The easiest way to automate your data",2018-06-29T21:59:26Z,2022-05-09T16:45:16Z,https://prefect.io,78464,8826,8826,Python,true,true,true,false,false,881,525,881,525,8826,881,146,2022-05-09
204086862,streamlit,streamlit/streamlit,https://github.com/streamlit/streamlit,"Streamlit — The fastest way to build data apps in Python",2019-08-24T00:14:52Z,2022-05-09T18:26:21Z,https://streamlit.io,135163,18906,18906,Python,true,false,true,true,false,1707,587,1707,587,18906,1707,262,2022-05-09
370568987,datahub,acryldata/datahub,https://github.com/acryldata/datahub,"A Generalized Metadata Search & Discovery Tool",2021-05-25T04:58:37Z,2022-04-29T06:42:10Z,https://datahubproject.io,266916,6,6,Java,false,true,true,false,false,3,5,3,5,6,1473,1,2022-05-09
null,null,null,null,null,null,null,null,null,null,null,null,null,null,null,null,null,null,null,null,null,null,null,null,2022-05-09
60246359,ClickHouse,ClickHouse/ClickHouse,https://github.com/ClickHouse/ClickHouse,"ClickHouse® is a free analytics DBMS for big data",2016-06-02T08:28:18Z,2022-05-09T13:11:54Z,https://clickhouse.com,723058,23594,23594,C++,true,true,true,true,false,4705,2199,4705,2199,23594,4705,673,2022-05-09
131619646,dagster,dagster-io/dagster,https://github.com/dagster-io/dagster,"An orchestration platform for the development, production, and observation of data assets.",2018-04-30T16:30:04Z,2022-05-09T14:49:40Z,https://dagster.io,449676,4678,4678,Python,true,true,true,false,false,591,964,591,964,4678,591,84,2022-05-09
53548867,dbt-core,dbt-labs/dbt-core,https://github.com/dbt-labs/dbt-core,"dbt enables data analysts and engineers to transform their data using the same practices that software engineers use to build applications.",2016-03-10T02:38:00Z,2022-05-09T15:48:09Z,https://getdbt.com,21262,4699,4699,Python,true,false,true,true,false,875,328,875,328,4699,875,102,2022-05-09
139199684,prefect,PrefectHQ/prefect,https://github.com/PrefectHQ/prefect,"The easiest way to automate your data",2018-06-29T21:59:26Z,2022-05-10T13:53:19Z,https://prefect.io,78510,8830,8830,Python,true,true,true,false,false,881,526,881,526,8830,881,145,2022-05-10
204086862,streamlit,streamlit/streamlit,https://github.com/streamlit/streamlit,"Streamlit — The fastest way to build data apps in Python",2019-08-24T00:14:52Z,2022-05-10T17:38:41Z,https://streamlit.io,136950,18915,18915,Python,true,false,true,true,false,1707,584,1707,584,18915,1707,262,2022-05-10
370568987,datahub,acryldata/datahub,https://github.com/acryldata/datahub,"A Generalized Metadata Search & Discovery Tool",2021-05-25T04:58:37Z,2022-04-29T06:42:10Z,https://datahubproject.io,266916,6,6,Java,false,true,true,false,false,3,6,3,6,6,1476,1,2022-05-10
null,null,null,null,null,null,null,null,null,null,null,null,null,null,null,null,null,null,null,null,null,null,null,null,2022-05-10
60246359,ClickHouse,ClickHouse/ClickHouse,https://github.com/ClickHouse/ClickHouse,"ClickHouse® is a free analytics DBMS for big data",2016-06-02T08:28:18Z,2022-05-10T16:18:41Z,https://clickhouse.com,719839,23606,23606,C++,true,true,true,true,false,4713,2203,4713,2203,23606,4713,672,2022-05-10
131619646,dagster,dagster-io/dagster,https://github.com/dagster-io/dagster,"An orchestration platform for the development, production, and observation of data assets.",2018-04-30T16:30:04Z,2022-05-10T17:37:06Z,https://dagster.io,451851,4680,4680,Python,true,true,true,false,false,591,941,591,941,4680,591,84,2022-05-10
53548867,dbt-core,dbt-labs/dbt-core,https://github.com/dbt-labs/dbt-core,"dbt enables data analysts and engineers to transform their data using the same practices that software engineers use to build applications.",2016-03-10T02:38:00Z,2022-05-10T11:00:01Z,https://getdbt.com,21274,4705,4705,Python,true,false,true,true,false,875,327,875,327,4705,875,102,2022-05-10
139199684,prefect,PrefectHQ/prefect,https://github.com/PrefectHQ/prefect,"The easiest way to automate your data",2018-06-29T21:59:26Z,2022-05-11T12:01:24Z,https://prefect.io,78528,8832,8832,Python,true,true,true,false,false,881,528,881,528,8832,881,145,2022-05-11
204086862,streamlit,streamlit/streamlit,https://github.com/streamlit/streamlit,"Streamlit — The fastest way to build data apps in Python",2019-08-24T00:14:52Z,2022-05-11T18:02:15Z,https://streamlit.io,137036,18929,18929,Python,true,false,true,true,false,1710,584,1710,584,18929,1710,263,2022-05-11
370568987,datahub,acryldata/datahub,https://github.com/acryldata/datahub,"A Generalized Metadata Search & Discovery Tool",2021-05-25T04:58:37Z,2022-04-29T06:42:10Z,https://datahubproject.io,267835,6,6,Java,false,true,true,false,false,3,3,3,3,6,1479,1,2022-05-11
null,null,null,null,null,null,null,null,null,null,null,null,null,null,null,null,null,null,null,null,null,null,null,null,2022-05-11
60246359,ClickHouse,ClickHouse/ClickHouse,https://github.com/ClickHouse/ClickHouse,"ClickHouse® is a free analytics DBMS for big data",2016-06-02T08:28:18Z,2022-05-11T18:08:34Z,https://clickhouse.com,720223,23634,23634,C++,true,true,true,true,false,4719,2219,4719,2219,23634,4719,672,2022-05-11
131619646,dagster,dagster-io/dagster,https://github.com/dagster-io/dagster,"An orchestration platform for the development, production, and observation of data assets.",2018-04-30T16:30:04Z,2022-05-11T18:06:32Z,https://dagster.io,452191,4690,4690,Python,true,true,true,false,false,591,945,591,945,4690,591,85,2022-05-11
53548867,dbt-core,dbt-labs/dbt-core,https://github.com/dbt-labs/dbt-core,"dbt enables data analysts and engineers to transform their data using the same practices that software engineers use to build applications.",2016-03-10T02:38:00Z,2022-05-11T17:04:15Z,https://getdbt.com,21296,4716,4716,Python,true,false,true,true,false,877,330,877,330,4716,877,102,2022-05-11
139199684,prefect,PrefectHQ/prefect,https://github.com/PrefectHQ/prefect,"The easiest way to automate your data",2018-06-29T21:59:26Z,2022-05-12T16:14:53Z,https://prefect.io,78533,8838,8838,Python,true,true,true,false,false,881,531,881,531,8838,881,146,2022-05-12
204086862,streamlit,streamlit/streamlit,https://github.com/streamlit/streamlit,"Streamlit — The fastest way to build data apps in Python",2019-08-24T00:14:52Z,2022-05-12T17:47:52Z,https://streamlit.io,136921,18932,18932,Python,true,false,true,true,false,1712,585,1712,585,18932,1712,263,2022-05-12
370568987,datahub,acryldata/datahub,https://github.com/acryldata/datahub,"A Generalized Metadata Search & Discovery Tool",2021-05-25T04:58:37Z,2022-04-29T06:42:10Z,https://datahubproject.io,268199,6,6,Java,false,true,true,false,false,3,3,3,3,6,1482,1,2022-05-12
null,null,null,null,null,null,null,null,null,null,null,null,null,null,null,null,null,null,null,null,null,null,null,null,2022-05-12
60246359,ClickHouse,ClickHouse/ClickHouse,https://github.com/ClickHouse/ClickHouse,"ClickHouse® is a free analytics DBMS for big data",2016-06-02T08:28:18Z,2022-05-12T17:03:34Z,https://clickhouse.com,720552,23659,23659,C++,true,true,true,true,false,4725,2225,4725,2225,23659,4725,673,2022-05-12
131619646,dagster,dagster-io/dagster,https://github.com/dagster-io/dagster,"An orchestration platform for the development, production, and observation of data assets.",2018-04-30T16:30:04Z,2022-05-12T11:23:14Z,https://dagster.io,452154,4693,4693,Python,true,true,true,false,false,592,937,592,937,4693,592,85,2022-05-12
53548867,dbt-core,dbt-labs/dbt-core,https://github.com/dbt-labs/dbt-core,"dbt enables data analysts and engineers to transform their data using the same practices that software engineers use to build applications.",2016-03-10T02:38:00Z,2022-05-12T16:46:45Z,https://getdbt.com,21347,4727,4727,Python,true,false,true,true,false,880,334,880,334,4727,880,102,2022-05-12
139199684,prefect,PrefectHQ/prefect,https://github.com/PrefectHQ/prefect,"The easiest way to automate your data",2018-06-29T21:59:26Z,2022-05-13T18:18:27Z,https://prefect.io,79336,8850,8850,Python,true,true,true,false,false,880,531,880,531,8850,880,146,2022-05-13
204086862,streamlit,streamlit/streamlit,https://github.com/streamlit/streamlit,"Streamlit — The fastest way to build data apps in Python",2019-08-24T00:14:52Z,2022-05-13T17:31:16Z,https://streamlit.io,136980,18940,18940,Python,true,false,true,true,false,1713,584,1713,584,18940,1713,263,2022-05-13
370568987,datahub,acryldata/datahub,https://github.com/acryldata/datahub,"A Generalized Metadata Search & Discovery Tool",2021-05-25T04:58:37Z,2022-04-29T06:42:10Z,https://datahubproject.io,268199,6,6,Java,false,true,true,false,false,3,3,3,3,6,1486,1,2022-05-13
null,null,null,null,null,null,null,null,null,null,null,null,null,null,null,null,null,null,null,null,null,null,null,null,2022-05-13
60246359,ClickHouse,ClickHouse/ClickHouse,https://github.com/ClickHouse/ClickHouse,"ClickHouse® is a free analytics DBMS for big data",2016-06-02T08:28:18Z,2022-05-13T17:22:35Z,https://clickhouse.com,720872,23666,23666,C++,true,true,true,true,false,4727,2235,4727,2235,23666,4727,672,2022-05-13
131619646,dagster,dagster-io/dagster,https://github.com/dagster-io/dagster,"An orchestration platform for the development, production, and observation of data assets.",2018-04-30T16:30:04Z,2022-05-13T16:55:55Z,https://dagster.io,452146,4701,4701,Python,true,true,true,false,false,592,946,592,946,4701,592,85,2022-05-13
53548867,dbt-core,dbt-labs/dbt-core,https://github.com/dbt-labs/dbt-core,"dbt enables data analysts and engineers to transform their data using the same practices that software engineers use to build applications.",2016-03-10T02:38:00Z,2022-05-13T18:25:44Z,https://getdbt.com,21361,4739,4739,Python,true,false,true,true,false,884,328,884,328,4739,884,102,2022-05-13
139199684,prefect,PrefectHQ/prefect,https://github.com/PrefectHQ/prefect,"The easiest way to automate your data",2018-06-29T21:59:26Z,2022-05-14T17:31:51Z,https://prefect.io,79338,8849,8849,Python,true,true,true,false,false,881,532,881,532,8849,881,146,2022-05-14
204086862,streamlit,streamlit/streamlit,https://github.com/streamlit/streamlit,"Streamlit — The fastest way to build data apps in Python",2019-08-24T00:14:52Z,2022-05-14T16:49:52Z,https://streamlit.io,136984,18951,18951,Python,true,false,true,true,false,1713,588,1713,588,18951,1713,263,2022-05-14
370568987,datahub,acryldata/datahub,https://github.com/acryldata/datahub,"A Generalized Metadata Search & Discovery Tool",2021-05-25T04:58:37Z,2022-04-29T06:42:10Z,https://datahubproject.io,268200,6,6,Java,false,true,true,false,false,3,3,3,3,6,1487,1,2022-05-14
null,null,null,null,null,null,null,null,null,null,null,null,null,null,null,null,null,null,null,null,null,null,null,null,2022-05-14
60246359,ClickHouse,ClickHouse/ClickHouse,https://github.com/ClickHouse/ClickHouse,"ClickHouse® is a free analytics DBMS for big data",2016-06-02T08:28:18Z,2022-05-14T16:58:16Z,https://clickhouse.com,720923,23674,23674,C++,true,true,true,true,false,4729,2234,4729,2234,23674,4729,672,2022-05-14
131619646,dagster,dagster-io/dagster,https://github.com/dagster-io/dagster,"An orchestration platform for the development, production, and observation of data assets.",2018-04-30T16:30:04Z,2022-05-14T16:18:18Z,https://dagster.io,452367,4709,4709,Python,true,true,true,false,false,592,947,592,947,4709,592,85,2022-05-14
53548867,dbt-core,dbt-labs/dbt-core,https://github.com/dbt-labs/dbt-core,"dbt enables data analysts and engineers to transform their data using the same practices that software engineers use to build applications.",2016-03-10T02:38:00Z,2022-05-14T16:02:45Z,https://getdbt.com,21248,4752,4752,Python,true,false,true,true,false,885,329,885,329,4752,885,102,2022-05-14
139199684,prefect,PrefectHQ/prefect,https://github.com/PrefectHQ/prefect,"The easiest way to automate your data",2018-06-29T21:59:26Z,2022-05-15T08:24:09Z,https://prefect.io,79338,8853,8853,Python,true,true,true,false,false,883,535,883,535,8853,883,146,2022-05-15
204086862,streamlit,streamlit/streamlit,https://github.com/streamlit/streamlit,"Streamlit — The fastest way to build data apps in Python",2019-08-24T00:14:52Z,2022-05-15T16:17:36Z,https://streamlit.io,136947,18953,18953,Python,true,false,true,true,false,1713,589,1713,589,18953,1713,263,2022-05-15
370568987,datahub,acryldata/datahub,https://github.com/acryldata/datahub,"A Generalized Metadata Search & Discovery Tool",2021-05-25T04:58:37Z,2022-04-29T06:42:10Z,https://datahubproject.io,268200,6,6,Java,false,true,true,false,false,3,3,3,3,6,1487,1,2022-05-15
null,null,null,null,null,null,null,null,null,null,null,null,null,null,null,null,null,null,null,null,null,null,null,null,2022-05-15
60246359,ClickHouse,ClickHouse/ClickHouse,https://github.com/ClickHouse/ClickHouse,"ClickHouse® is a free analytics DBMS for big data",2016-06-02T08:28:18Z,2022-05-15T16:35:39Z,https://clickhouse.com,721215,23686,23686,C++,true,true,true,true,false,4730,2236,4730,2236,23686,4730,672,2022-05-15
131619646,dagster,dagster-io/dagster,https://github.com/dagster-io/dagster,"An orchestration platform for the development, production, and observation of data assets.",2018-04-30T16:30:04Z,2022-05-15T10:15:37Z,https://dagster.io,452375,4715,4715,Python,true,true,true,false,false,593,952,593,952,4715,593,85,2022-05-15
53548867,dbt-core,dbt-labs/dbt-core,https://github.com/dbt-labs/dbt-core,"dbt enables data analysts and engineers to transform their data using the same practices that software engineers use to build applications.",2016-03-10T02:38:00Z,2022-05-15T17:32:21Z,https://getdbt.com,21263,4760,4760,Python,true,false,true,true,false,885,334,885,334,4760,885,101,2022-05-15
139199684,prefect,PrefectHQ/prefect,https://github.com/PrefectHQ/prefect,"The easiest way to automate your data",2018-06-29T21:59:26Z,2022-05-16T18:20:21Z,https://prefect.io,79338,8893,8893,Python,true,true,true,false,false,885,536,885,536,8893,885,147,2022-05-16
204086862,streamlit,streamlit/streamlit,https://github.com/streamlit/streamlit,"Streamlit — The fastest way to build data apps in Python",2019-08-24T00:14:52Z,2022-05-16T16:37:03Z,https://streamlit.io,136948,18966,18966,Python,true,false,true,true,false,1714,590,1714,590,18966,1714,264,2022-05-16
370568987,datahub,acryldata/datahub,https://github.com/acryldata/datahub,"A Generalized Metadata Search & Discovery Tool",2021-05-25T04:58:37Z,2022-04-29T06:42:10Z,https://datahubproject.io,268349,6,6,Java,false,true,true,false,false,3,3,3,3,6,1491,1,2022-05-16
null,null,null,null,null,null,null,null,null,null,null,null,null,null,null,null,null,null,null,null,null,null,null,null,2022-05-16
60246359,ClickHouse,ClickHouse/ClickHouse,https://github.com/ClickHouse/ClickHouse,"ClickHouse® is a free analytics DBMS for big data",2016-06-02T08:28:18Z,2022-05-16T17:13:31Z,https://clickhouse.com,721658,23703,23703,C++,true,true,true,true,false,4736,2246,4736,2246,23703,4736,673,2022-05-16
131619646,dagster,dagster-io/dagster,https://github.com/dagster-io/dagster,"An orchestration platform for the development, production, and observation of data assets.",2018-04-30T16:30:04Z,2022-05-16T02:06:36Z,https://dagster.io,452529,4716,4716,Python,true,true,true,false,false,593,956,593,956,4716,593,86,2022-05-16
53548867,dbt-core,dbt-labs/dbt-core,https://github.com/dbt-labs/dbt-core,"dbt enables data analysts and engineers to transform their data using the same practices that software engineers use to build applications.",2016-03-10T02:38:00Z,2022-05-16T17:10:02Z,https://getdbt.com,21266,4774,4774,Python,true,false,true,true,false,888,335,888,335,4774,888,103,2022-05-16
139199684,prefect,PrefectHQ/prefect,https://github.com/PrefectHQ/prefect,"The easiest way to automate your data",2018-06-29T21:59:26Z,2022-05-17T17:09:59Z,https://prefect.io,79345,8917,8917,Python,true,true,true,false,false,889,538,889,538,8917,889,147,2022-05-17
204086862,streamlit,streamlit/streamlit,https://github.com/streamlit/streamlit,"Streamlit — The fastest way to build data apps in Python",2019-08-24T00:14:52Z,2022-05-17T17:04:36Z,https://streamlit.io,137682,18976,18976,TypeScript,true,false,true,true,false,1715,577,1715,577,18976,1715,265,2022-05-17
370568987,datahub,acryldata/datahub,https://github.com/acryldata/datahub,"A Generalized Metadata Search & Discovery Tool",2021-05-25T04:58:37Z,2022-04-29T06:42:10Z,https://datahubproject.io,268349,6,6,Java,false,true,true,false,false,3,3,3,3,6,1494,1,2022-05-17
null,null,null,null,null,null,null,null,null,null,null,null,null,null,null,null,null,null,null,null,null,null,null,null,2022-05-17
60246359,ClickHouse,ClickHouse/ClickHouse,https://github.com/ClickHouse/ClickHouse,"ClickHouse® is a free analytics DBMS for big data",2016-06-02T08:28:18Z,2022-05-17T17:23:44Z,https://clickhouse.com,726064,23722,23722,C++,true,true,true,true,false,4736,2261,4736,2261,23722,4736,674,2022-05-17
131619646,dagster,dagster-io/dagster,https://github.com/dagster-io/dagster,"An orchestration platform for the development, production, and observation of data assets.",2018-04-30T16:30:04Z,2022-05-17T18:27:58Z,https://dagster.io,453117,4727,4727,Python,true,true,true,false,false,595,968,595,968,4727,595,86,2022-05-17
53548867,dbt-core,dbt-labs/dbt-core,https://github.com/dbt-labs/dbt-core,"dbt enables data analysts and engineers to transform their data using the same practices that software engineers use to build applications.",2016-03-10T02:38:00Z,2022-05-17T16:41:48Z,https://getdbt.com,21268,4784,4784,Python,true,false,true,true,false,890,336,890,336,4784,890,102,2022-05-17
139199684,prefect,PrefectHQ/prefect,https://github.com/PrefectHQ/prefect,"The easiest way to automate your data",2018-06-29T21:59:26Z,2022-05-18T17:00:47Z,https://prefect.io,79604,8973,8973,Python,true,true,true,false,false,891,538,891,538,8973,891,147,2022-05-18
204086862,streamlit,streamlit/streamlit,https://github.com/streamlit/streamlit,"Streamlit — The fastest way to build data apps in Python",2019-08-24T00:14:52Z,2022-05-18T14:57:43Z,https://streamlit.io,137743,18994,18994,Python,true,false,true,true,false,1717,577,1717,577,18994,1717,265,2022-05-18
370568987,datahub,acryldata/datahub,https://github.com/acryldata/datahub,"A Generalized Metadata Search & Discovery Tool",2021-05-25T04:58:37Z,2022-04-29T06:42:10Z,https://datahubproject.io,268439,6,6,Java,false,true,true,false,false,3,3,3,3,6,1502,1,2022-05-18
null,null,null,null,null,null,null,null,null,null,null,null,null,null,null,null,null,null,null,null,null,null,null,null,2022-05-18
60246359,ClickHouse,ClickHouse/ClickHouse,https://github.com/ClickHouse/ClickHouse,"ClickHouse® is a free analytics DBMS for big data",2016-06-02T08:28:18Z,2022-05-18T14:44:47Z,https://clickhouse.com,726520,23739,23739,C++,true,true,true,true,false,4740,2261,4740,2261,23739,4740,675,2022-05-18
131619646,dagster,dagster-io/dagster,https://github.com/dagster-io/dagster,"An orchestration platform for the development, production, and observation of data assets.",2018-04-30T16:30:04Z,2022-05-18T10:39:06Z,https://dagster.io,453533,4731,4731,Python,true,true,true,false,false,595,973,595,973,4731,595,86,2022-05-18
53548867,dbt-core,dbt-labs/dbt-core,https://github.com/dbt-labs/dbt-core,"dbt enables data analysts and engineers to transform their data using the same practices that software engineers use to build applications.",2016-03-10T02:38:00Z,2022-05-18T16:21:19Z,https://getdbt.com,21334,4795,4795,Python,true,false,true,true,false,890,342,890,342,4795,890,103,2022-05-18
139199684,prefect,PrefectHQ/prefect,https://github.com/PrefectHQ/prefect,"The easiest way to automate your data",2018-06-29T21:59:26Z,2022-05-18T18:00:58Z,https://prefect.io,79606,8980,8980,Python,true,true,true,false,false,891,538,891,538,8980,891,147,2022-05-18
204086862,streamlit,streamlit/streamlit,https://github.com/streamlit/streamlit,"Streamlit — The fastest way to build data apps in Python",2019-08-24T00:14:52Z,2022-05-18T14:57:43Z,https://streamlit.io,137743,18994,18994,Python,true,false,true,true,false,1717,578,1717,578,18994,1717,265,2022-05-18
370568987,datahub,acryldata/datahub,https://github.com/acryldata/datahub,"A Generalized Metadata Search & Discovery Tool",2021-05-25T04:58:37Z,2022-04-29T06:42:10Z,https://datahubproject.io,268417,6,6,Java,false,true,true,false,false,3,3,3,3,6,1501,1,2022-05-18
null,null,null,null,null,null,null,null,null,null,null,null,null,null,null,null,null,null,null,null,null,null,null,null,2022-05-18
60246359,ClickHouse,ClickHouse/ClickHouse,https://github.com/ClickHouse/ClickHouse,"ClickHouse® is a free analytics DBMS for big data",2016-06-02T08:28:18Z,2022-05-18T14:44:47Z,https://clickhouse.com,726572,23739,23739,C++,true,true,true,true,false,4740,2259,4740,2259,23739,4740,675,2022-05-18
131619646,dagster,dagster-io/dagster,https://github.com/dagster-io/dagster,"An orchestration platform for the development, production, and observation of data assets.",2018-04-30T16:30:04Z,2022-05-18T10:39:06Z,https://dagster.io,453533,4731,4731,Python,true,true,true,false,false,595,974,595,974,4731,595,86,2022-05-18
53548867,dbt-core,dbt-labs/dbt-core,https://github.com/dbt-labs/dbt-core,"dbt enables data analysts and engineers to transform their data using the same practices that software engineers use to build applications.",2016-03-10T02:38:00Z,2022-05-18T17:20:53Z,https://getdbt.com,21334,4797,4797,Python,true,false,true,true,false,890,344,890,344,4797,890,103,2022-05-18
139199684,prefect,PrefectHQ/prefect,https://github.com/PrefectHQ/prefect,"The easiest way to automate your data",2018-06-29T21:59:26Z,2022-05-19T16:19:25Z,https://prefect.io,79613,9079,9079,Python,true,true,true,false,false,893,541,893,541,9079,893,147,2022-05-19
204086862,streamlit,streamlit/streamlit,https://github.com/streamlit/streamlit,"Streamlit — The fastest way to build data apps in Python",2019-08-24T00:14:52Z,2022-05-19T18:04:31Z,https://streamlit.io,137787,19009,19009,Python,true,false,true,true,false,1719,584,1719,584,19009,1719,265,2022-05-19
370568987,datahub,acryldata/datahub,https://github.com/acryldata/datahub,"A Generalized Metadata Search & Discovery Tool",2021-05-25T04:58:37Z,2022-04-29T06:42:10Z,https://datahubproject.io,268482,6,6,Java,false,true,true,false,false,3,3,3,3,6,1505,1,2022-05-19
null,null,null,null,null,null,null,null,null,null,null,null,null,null,null,null,null,null,null,null,null,null,null,null,2022-05-19
60246359,ClickHouse,ClickHouse/ClickHouse,https://github.com/ClickHouse/ClickHouse,"ClickHouse® is a free analytics DBMS for big data",2016-06-02T08:28:18Z,2022-05-19T18:22:37Z,https://clickhouse.com,727307,23753,23753,C++,true,true,true,true,false,4750,2264,4750,2264,23753,4750,675,2022-05-19
131619646,dagster,dagster-io/dagster,https://github.com/dagster-io/dagster,"An orchestration platform for the development, production, and observation of data assets.",2018-04-30T16:30:04Z,2022-05-19T14:35:11Z,https://dagster.io,453358,4732,4732,Python,true,true,true,false,false,595,971,595,971,4732,595,86,2022-05-19
53548867,dbt-core,dbt-labs/dbt-core,https://github.com/dbt-labs/dbt-core,"dbt enables data analysts and engineers to transform their data using the same practices that software engineers use to build applications.",2016-03-10T02:38:00Z,2022-05-19T18:16:19Z,https://getdbt.com,21288,4806,4806,Python,true,false,true,true,false,891,338,891,338,4806,891,103,2022-05-19
139199684,prefect,PrefectHQ/prefect,https://github.com/PrefectHQ/prefect,"The easiest way to automate your data",2018-06-29T21:59:26Z,2022-05-20T15:02:20Z,https://prefect.io,79629,9093,9093,Python,true,true,true,false,false,894,538,894,538,9093,894,147,2022-05-20
204086862,streamlit,streamlit/streamlit,https://github.com/streamlit/streamlit,"Streamlit — The fastest way to build data apps in Python",2019-08-24T00:14:52Z,2022-05-20T16:37:51Z,https://streamlit.io,138179,19015,19015,Python,true,false,true,true,false,1720,582,1720,582,19015,1720,266,2022-05-20
370568987,datahub,acryldata/datahub,https://github.com/acryldata/datahub,"A Generalized Metadata Search & Discovery Tool",2021-05-25T04:58:37Z,2022-04-29T06:42:10Z,https://datahubproject.io,268482,6,6,Java,false,true,true,false,false,3,3,3,3,6,1507,1,2022-05-20
null,null,null,null,null,null,null,null,null,null,null,null,null,null,null,null,null,null,null,null,null,null,null,null,2022-05-20
60246359,ClickHouse,ClickHouse/ClickHouse,https://github.com/ClickHouse/ClickHouse,"ClickHouse® is a free analytics DBMS for big data",2016-06-02T08:28:18Z,2022-05-20T14:49:08Z,https://clickhouse.com,728295,23760,23760,C++,true,true,true,true,false,4751,2264,4751,2264,23760,4751,675,2022-05-20
131619646,dagster,dagster-io/dagster,https://github.com/dagster-io/dagster,"An orchestration platform for the development, production, and observation of data assets.",2018-04-30T16:30:04Z,2022-05-20T17:18:52Z,https://dagster.io,453716,4738,4738,Python,true,true,true,false,false,595,971,595,971,4738,595,86,2022-05-20
53548867,dbt-core,dbt-labs/dbt-core,https://github.com/dbt-labs/dbt-core,"dbt enables data analysts and engineers to transform their data using the same practices that software engineers use to build applications.",2016-03-10T02:38:00Z,2022-05-20T15:42:54Z,https://getdbt.com,21282,4818,4818,Python,true,false,true,true,false,894,335,894,335,4818,894,101,2022-05-20
139199684,prefect,PrefectHQ/prefect,https://github.com/PrefectHQ/prefect,"The easiest way to automate your data",2018-06-29T21:59:26Z,2022-05-21T18:18:58Z,https://prefect.io,79629,9098,9098,Python,true,true,true,false,false,896,540,896,540,9098,896,147,2022-05-21
204086862,streamlit,streamlit/streamlit,https://github.com/streamlit/streamlit,"Streamlit — The fastest way to build data apps in Python",2019-08-24T00:14:52Z,2022-05-21T17:40:15Z,https://streamlit.io,137505,19023,19023,Python,true,false,true,true,false,1720,587,1720,587,19023,1720,266,2022-05-21
370568987,datahub,acryldata/datahub,https://github.com/acryldata/datahub,"A Generalized Metadata Search & Discovery Tool",2021-05-25T04:58:37Z,2022-04-29T06:42:10Z,https://datahubproject.io,268482,6,6,Java,false,true,true,false,false,3,3,3,3,6,1507,1,2022-05-21
null,null,null,null,null,null,null,null,null,null,null,null,null,null,null,null,null,null,null,null,null,null,null,null,2022-05-21
60246359,ClickHouse,ClickHouse/ClickHouse,https://github.com/ClickHouse/ClickHouse,"ClickHouse® is a free analytics DBMS for big data",2016-06-02T08:28:18Z,2022-05-21T15:32:48Z,https://clickhouse.com,727970,23774,23774,C++,true,true,true,true,false,4751,2278,4751,2278,23774,4751,675,2022-05-21
131619646,dagster,dagster-io/dagster,https://github.com/dagster-io/dagster,"An orchestration platform for the development, production, and observation of data assets.",2018-04-30T16:30:04Z,2022-05-21T17:37:53Z,https://dagster.io,453222,4741,4741,Python,true,true,true,false,false,595,977,595,977,4741,595,86,2022-05-21
53548867,dbt-core,dbt-labs/dbt-core,https://github.com/dbt-labs/dbt-core,"dbt enables data analysts and engineers to transform their data using the same practices that software engineers use to build applications.",2016-03-10T02:38:00Z,2022-05-21T14:50:22Z,https://getdbt.com,21282,4824,4824,Python,true,false,true,true,false,894,339,894,339,4824,894,101,2022-05-21
139199684,prefect,PrefectHQ/prefect,https://github.com/PrefectHQ/prefect,"The easiest way to automate your data",2018-06-29T21:59:26Z,2022-05-22T18:05:17Z,https://prefect.io,79629,9104,9104,Python,true,true,true,false,false,896,540,896,540,9104,896,147,2022-05-22
204086862,streamlit,streamlit/streamlit,https://github.com/streamlit/streamlit,"Streamlit — The fastest way to build data apps in Python",2019-08-24T00:14:52Z,2022-05-22T16:53:20Z,https://streamlit.io,137985,19032,19032,Python,true,false,true,true,false,1722,588,1722,588,19032,1722,266,2022-05-22
370568987,datahub,acryldata/datahub,https://github.com/acryldata/datahub,"A Generalized Metadata Search & Discovery Tool",2021-05-25T04:58:37Z,2022-04-29T06:42:10Z,https://datahubproject.io,268482,6,6,Java,false,true,true,false,false,3,3,3,3,6,1507,1,2022-05-22
null,null,null,null,null,null,null,null,null,null,null,null,null,null,null,null,null,null,null,null,null,null,null,null,2022-05-22
60246359,ClickHouse,ClickHouse/ClickHouse,https://github.com/ClickHouse/ClickHouse,"ClickHouse® is a free analytics DBMS for big data",2016-06-02T08:28:18Z,2022-05-22T17:52:25Z,https://clickhouse.com,728964,23781,23781,C++,true,true,true,true,false,4757,2271,4757,2271,23781,4757,675,2022-05-22
131619646,dagster,dagster-io/dagster,https://github.com/dagster-io/dagster,"An orchestration platform for the development, production, and observation of data assets.",2018-04-30T16:30:04Z,2022-05-22T11:06:20Z,https://dagster.io,453235,4744,4744,Python,true,true,true,false,false,595,980,595,980,4744,595,86,2022-05-22
53548867,dbt-core,dbt-labs/dbt-core,https://github.com/dbt-labs/dbt-core,"dbt enables data analysts and engineers to transform their data using the same practices that software engineers use to build applications.",2016-03-10T02:38:00Z,2022-05-22T13:43:06Z,https://getdbt.com,21282,4826,4826,Python,true,false,true,true,false,894,339,894,339,4826,894,101,2022-05-22
139199684,prefect,PrefectHQ/prefect,https://github.com/PrefectHQ/prefect,"The easiest way to automate your data",2018-06-29T21:59:26Z,2022-05-23T18:07:30Z,https://prefect.io,79629,9118,9118,Python,true,true,true,false,false,896,540,896,540,9118,896,147,2022-05-23
204086862,streamlit,streamlit/streamlit,https://github.com/streamlit/streamlit,"Streamlit — The fastest way to build data apps in Python",2019-08-24T00:14:52Z,2022-05-23T16:19:51Z,https://streamlit.io,137986,19044,19044,Python,true,false,true,true,false,1723,586,1723,586,19044,1723,266,2022-05-23
370568987,datahub,acryldata/datahub,https://github.com/acryldata/datahub,"A Generalized Metadata Search & Discovery Tool",2021-05-25T04:58:37Z,2022-04-29T06:42:10Z,https://datahubproject.io,268523,6,6,Java,false,true,true,false,false,3,2,3,2,6,1508,1,2022-05-23
null,null,null,null,null,null,null,null,null,null,null,null,null,null,null,null,null,null,null,null,null,null,null,null,2022-05-23
60246359,ClickHouse,ClickHouse/ClickHouse,https://github.com/ClickHouse/ClickHouse,"ClickHouse® is a free analytics DBMS for big data",2016-06-02T08:28:18Z,2022-05-23T17:49:32Z,https://clickhouse.com,729387,23793,23793,C++,true,true,true,true,false,4762,2271,4762,2271,23793,4762,675,2022-05-23
131619646,dagster,dagster-io/dagster,https://github.com/dagster-io/dagster,"An orchestration platform for the development, production, and observation of data assets.",2018-04-30T16:30:04Z,2022-05-23T18:11:33Z,https://dagster.io,453471,4754,4754,Python,true,true,true,false,false,595,976,595,976,4754,595,85,2022-05-23
53548867,dbt-core,dbt-labs/dbt-core,https://github.com/dbt-labs/dbt-core,"dbt enables data analysts and engineers to transform their data using the same practices that software engineers use to build applications.",2016-03-10T02:38:00Z,2022-05-23T18:08:03Z,https://getdbt.com,21282,4836,4836,Python,true,false,true,true,false,896,341,896,341,4836,896,103,2022-05-23
139199684,prefect,PrefectHQ/prefect,https://github.com/PrefectHQ/prefect,"The easiest way to automate your data",2018-06-29T21:59:26Z,2022-05-24T17:24:26Z,https://prefect.io,79682,9139,9139,Python,true,true,true,false,false,897,536,897,536,9139,897,147,2022-05-24
204086862,streamlit,streamlit/streamlit,https://github.com/streamlit/streamlit,"Streamlit — The fastest way to build data apps in Python",2019-08-24T00:14:52Z,2022-05-24T17:54:55Z,https://streamlit.io,138002,19063,19063,Python,true,false,true,true,false,1727,581,1727,581,19063,1727,268,2022-05-24
370568987,datahub,acryldata/datahub,https://github.com/acryldata/datahub,"A Generalized Metadata Search & Discovery Tool",2021-05-25T04:58:37Z,2022-04-29T06:42:10Z,https://datahubproject.io,268649,6,6,Java,false,true,true,false,false,3,2,3,2,6,1512,1,2022-05-24
null,null,null,null,null,null,null,null,null,null,null,null,null,null,null,null,null,null,null,null,null,null,null,null,2022-05-24
60246359,ClickHouse,ClickHouse/ClickHouse,https://github.com/ClickHouse/ClickHouse,"ClickHouse® is a free analytics DBMS for big data",2016-06-02T08:28:18Z,2022-05-24T18:11:15Z,https://clickhouse.com,730271,23808,23808,C++,true,true,true,true,false,4764,2253,4764,2253,23808,4764,675,2022-05-24
131619646,dagster,dagster-io/dagster,https://github.com/dagster-io/dagster,"An orchestration platform for the development, production, and observation of data assets.",2018-04-30T16:30:04Z,2022-05-24T17:58:35Z,https://dagster.io,453729,4762,4762,Python,true,true,true,false,false,595,977,595,977,4762,595,85,2022-05-24
53548867,dbt-core,dbt-labs/dbt-core,https://github.com/dbt-labs/dbt-core,"dbt enables data analysts and engineers to transform their data using the same practices that software engineers use to build applications.",2016-03-10T02:38:00Z,2022-05-24T17:57:49Z,https://getdbt.com,21298,4842,4842,Python,true,false,true,true,false,896,343,896,343,4842,896,103,2022-05-24
139199684,prefect,PrefectHQ/prefect,https://github.com/PrefectHQ/prefect,"The easiest way to automate your data",2018-06-29T21:59:26Z,2022-05-25T18:29:07Z,https://prefect.io,79718,9153,9153,Python,true,true,true,false,false,901,540,901,540,9153,901,147,2022-05-25
204086862,streamlit,streamlit/streamlit,https://github.com/streamlit/streamlit,"Streamlit — The fastest way to build data apps in Python",2019-08-24T00:14:52Z,2022-05-25T18:14:18Z,https://streamlit.io,138099,19145,19145,Python,true,false,true,true,false,1729,580,1729,580,19145,1729,268,2022-05-25
370568987,datahub,acryldata/datahub,https://github.com/acryldata/datahub,"A Generalized Metadata Search & Discovery Tool",2021-05-25T04:58:37Z,2022-04-29T06:42:10Z,https://datahubproject.io,268882,6,6,Java,false,true,true,false,false,3,2,3,2,6,1514,1,2022-05-25
null,null,null,null,null,null,null,null,null,null,null,null,null,null,null,null,null,null,null,null,null,null,null,null,2022-05-25
60246359,ClickHouse,ClickHouse/ClickHouse,https://github.com/ClickHouse/ClickHouse,"ClickHouse® is a free analytics DBMS for big data",2016-06-02T08:28:18Z,2022-05-25T14:58:04Z,https://clickhouse.com,730735,23822,23822,C++,true,true,true,true,false,4770,2278,4770,2278,23822,4770,675,2022-05-25
131619646,dagster,dagster-io/dagster,https://github.com/dagster-io/dagster,"An orchestration platform for the development, production, and observation of data assets.",2018-04-30T16:30:04Z,2022-05-25T13:33:23Z,https://dagster.io,453974,4764,4764,Python,true,true,true,false,false,596,983,596,983,4764,596,85,2022-05-25
53548867,dbt-core,dbt-labs/dbt-core,https://github.com/dbt-labs/dbt-core,"dbt enables data analysts and engineers to transform their data using the same practices that software engineers use to build applications.",2016-03-10T02:38:00Z,2022-05-25T17:47:19Z,https://getdbt.com,21328,4850,4850,Python,true,false,true,true,false,897,341,897,341,4850,897,103,2022-05-25
139199684,prefect,PrefectHQ/prefect,https://github.com/PrefectHQ/prefect,"The easiest way to automate your data",2018-06-29T21:59:26Z,2022-05-26T18:00:56Z,https://prefect.io,79720,9162,9162,Python,true,true,true,false,false,901,542,901,542,9162,901,147,2022-05-26
204086862,streamlit,streamlit/streamlit,https://github.com/streamlit/streamlit,"Streamlit — The fastest way to build data apps in Python",2019-08-24T00:14:52Z,2022-05-26T18:18:39Z,https://streamlit.io,138113,19293,19293,Python,true,false,true,true,false,1731,584,1731,584,19293,1731,268,2022-05-26
370568987,datahub,acryldata/datahub,https://github.com/acryldata/datahub,"A Generalized Metadata Search & Discovery Tool",2021-05-25T04:58:37Z,2022-04-29T06:42:10Z,https://datahubproject.io,269114,6,6,Java,false,true,true,false,false,3,2,3,2,6,1519,1,2022-05-26
null,null,null,null,null,null,null,null,null,null,null,null,null,null,null,null,null,null,null,null,null,null,null,null,2022-05-26
60246359,ClickHouse,ClickHouse/ClickHouse,https://github.com/ClickHouse/ClickHouse,"ClickHouse® is a free analytics DBMS for big data",2016-06-02T08:28:18Z,2022-05-26T14:46:33Z,https://clickhouse.com,732201,23833,23833,C++,true,true,true,true,false,4773,2280,4773,2280,23833,4773,675,2022-05-26
131619646,dagster,dagster-io/dagster,https://github.com/dagster-io/dagster,"An orchestration platform for the development, production, and observation of data assets.",2018-04-30T16:30:04Z,2022-05-26T09:26:19Z,https://dagster.io,454311,4769,4769,Python,true,true,true,false,false,596,982,596,982,4769,596,85,2022-05-26
53548867,dbt-core,dbt-labs/dbt-core,https://github.com/dbt-labs/dbt-core,"dbt enables data analysts and engineers to transform their data using the same practices that software engineers use to build applications.",2016-03-10T02:38:00Z,2022-05-26T18:21:00Z,https://getdbt.com,21350,4858,4858,Python,true,false,true,true,false,898,342,898,342,4858,898,105,2022-05-26
139199684,prefect,PrefectHQ/prefect,https://github.com/PrefectHQ/prefect,"The easiest way to automate your data",2018-06-29T21:59:26Z,2022-05-27T17:39:01Z,https://prefect.io,79720,9167,9167,Python,true,true,true,false,false,901,544,901,544,9167,901,147,2022-05-27
204086862,streamlit,streamlit/streamlit,https://github.com/streamlit/streamlit,"Streamlit — The fastest way to build data apps in Python",2019-08-24T00:14:52Z,2022-05-27T17:01:29Z,https://streamlit.io,139833,19316,19316,Python,true,false,true,true,false,1732,585,1732,585,19316,1732,268,2022-05-27
370568987,datahub,acryldata/datahub,https://github.com/acryldata/datahub,"A Generalized Metadata Search & Discovery Tool",2021-05-25T04:58:37Z,2022-04-29T06:42:10Z,https://datahubproject.io,269083,6,6,Java,false,true,true,false,false,3,2,3,2,6,1522,1,2022-05-27
null,null,null,null,null,null,null,null,null,null,null,null,null,null,null,null,null,null,null,null,null,null,null,null,2022-05-27
60246359,ClickHouse,ClickHouse/ClickHouse,https://github.com/ClickHouse/ClickHouse,"ClickHouse® is a free analytics DBMS for big data",2016-06-02T08:28:18Z,2022-05-27T15:24:50Z,https://clickhouse.com,731927,23846,23846,C++,true,true,true,true,false,4779,2296,4779,2296,23846,4779,675,2022-05-27
131619646,dagster,dagster-io/dagster,https://github.com/dagster-io/dagster,"An orchestration platform for the development, production, and observation of data assets.",2018-04-30T16:30:04Z,2022-05-27T18:22:41Z,https://dagster.io,453881,4774,4774,Python,true,true,true,false,false,602,985,602,985,4774,602,85,2022-05-27
53548867,dbt-core,dbt-labs/dbt-core,https://github.com/dbt-labs/dbt-core,"dbt enables data analysts and engineers to transform their data using the same practices that software engineers use to build applications.",2016-03-10T02:38:00Z,2022-05-27T15:18:43Z,https://getdbt.com,21350,4864,4864,Python,true,false,true,true,false,899,340,899,340,4864,899,104,2022-05-27
139199684,prefect,PrefectHQ/prefect,https://github.com/PrefectHQ/prefect,"The easiest way to automate your data",2018-06-29T21:59:26Z,2022-05-28T14:43:29Z,https://prefect.io,79720,9168,9168,Python,true,true,true,false,false,903,544,903,544,9168,903,146,2022-05-28
204086862,streamlit,streamlit/streamlit,https://github.com/streamlit/streamlit,"Streamlit — The fastest way to build data apps in Python",2019-08-24T00:14:52Z,2022-05-28T18:17:57Z,https://streamlit.io,141567,19331,19331,Python,true,false,true,true,false,1733,582,1733,582,19331,1733,267,2022-05-28
370568987,datahub,acryldata/datahub,https://github.com/acryldata/datahub,"A Generalized Metadata Search & Discovery Tool",2021-05-25T04:58:37Z,2022-04-29T06:42:10Z,https://datahubproject.io,271386,6,6,Java,false,true,true,false,true,3,2,3,2,6,1523,1,2022-05-28
null,null,null,null,null,null,null,null,null,null,null,null,null,null,null,null,null,null,null,null,null,null,null,null,2022-05-28
60246359,ClickHouse,ClickHouse/ClickHouse,https://github.com/ClickHouse/ClickHouse,"ClickHouse® is a free analytics DBMS for big data",2016-06-02T08:28:18Z,2022-05-28T16:31:35Z,https://clickhouse.com,732474,23852,23852,C++,true,true,true,true,false,4781,2296,4781,2296,23852,4781,675,2022-05-28
131619646,dagster,dagster-io/dagster,https://github.com/dagster-io/dagster,"An orchestration platform for the development, production, and observation of data assets.",2018-04-30T16:30:04Z,2022-05-28T17:48:45Z,https://dagster.io,454524,4779,4779,Python,true,true,true,false,false,604,987,604,987,4779,604,85,2022-05-28
53548867,dbt-core,dbt-labs/dbt-core,https://github.com/dbt-labs/dbt-core,"dbt enables data analysts and engineers to transform their data using the same practices that software engineers use to build applications.",2016-03-10T02:38:00Z,2022-05-28T17:03:03Z,https://getdbt.com,21350,4867,4867,Python,true,false,true,true,false,902,341,902,341,4867,902,104,2022-05-28
139199684,prefect,PrefectHQ/prefect,https://github.com/PrefectHQ/prefect,"The easiest way to automate your data",2018-06-29T21:59:26Z,2022-05-29T18:20:20Z,https://prefect.io,79720,9170,9170,Python,true,true,true,false,false,903,545,903,545,9170,903,147,2022-05-29
204086862,streamlit,streamlit/streamlit,https://github.com/streamlit/streamlit,"Streamlit — The fastest way to build data apps in Python",2019-08-24T00:14:52Z,2022-05-29T17:57:15Z,https://streamlit.io,142322,19350,19350,Python,true,false,true,true,false,1733,578,1733,578,19350,1733,267,2022-05-29
370568987,datahub,acryldata/datahub,https://github.com/acryldata/datahub,"A Generalized Metadata Search & Discovery Tool",2021-05-25T04:58:37Z,2022-04-29T06:42:10Z,https://datahubproject.io,272425,6,6,Java,false,true,true,false,true,3,2,3,2,6,1525,1,2022-05-29
null,null,null,null,null,null,null,null,null,null,null,null,null,null,null,null,null,null,null,null,null,null,null,null,2022-05-29
60246359,ClickHouse,ClickHouse/ClickHouse,https://github.com/ClickHouse/ClickHouse,"ClickHouse® is a free analytics DBMS for big data",2016-06-02T08:28:18Z,2022-05-29T18:21:49Z,https://clickhouse.com,732922,23860,23860,C++,true,true,true,true,false,4783,2294,4783,2294,23860,4783,675,2022-05-29
131619646,dagster,dagster-io/dagster,https://github.com/dagster-io/dagster,"An orchestration platform for the development, production, and observation of data assets.",2018-04-30T16:30:04Z,2022-05-29T17:04:56Z,https://dagster.io,454518,4785,4785,Python,true,true,true,false,false,605,986,605,986,4785,605,85,2022-05-29
53548867,dbt-core,dbt-labs/dbt-core,https://github.com/dbt-labs/dbt-core,"dbt enables data analysts and engineers to transform their data using the same practices that software engineers use to build applications.",2016-03-10T02:38:00Z,2022-05-29T17:25:40Z,https://getdbt.com,21350,4876,4876,Python,true,false,true,true,false,901,340,901,340,4876,901,104,2022-05-29
139199684,prefect,PrefectHQ/prefect,https://github.com/PrefectHQ/prefect,"The easiest way to automate your data",2018-06-29T21:59:26Z,2022-05-30T17:24:19Z,https://prefect.io,79720,9177,9177,Python,true,true,true,false,false,905,546,905,546,9177,905,147,2022-05-30
204086862,streamlit,streamlit/streamlit,https://github.com/streamlit/streamlit,"Streamlit — The fastest way to build data apps in Python",2019-08-24T00:14:52Z,2022-05-30T18:05:42Z,https://streamlit.io,142323,19369,19369,Python,true,false,true,true,false,1735,581,1735,581,19369,1735,267,2022-05-30
370568987,datahub,acryldata/datahub,https://github.com/acryldata/datahub,"A Generalized Metadata Search & Discovery Tool",2021-05-25T04:58:37Z,2022-04-29T06:42:10Z,https://datahubproject.io,274224,6,6,Java,false,true,true,false,true,3,2,3,2,6,1527,1,2022-05-30
null,null,null,null,null,null,null,null,null,null,null,null,null,null,null,null,null,null,null,null,null,null,null,null,2022-05-30
60246359,ClickHouse,ClickHouse/ClickHouse,https://github.com/ClickHouse/ClickHouse,"ClickHouse® is a free analytics DBMS for big data",2016-06-02T08:28:18Z,2022-05-30T18:03:14Z,https://clickhouse.com,732937,23874,23874,C++,true,true,true,true,false,4784,2314,4784,2314,23874,4784,675,2022-05-30
131619646,dagster,dagster-io/dagster,https://github.com/dagster-io/dagster,"An orchestration platform for the development, production, and observation of data assets.",2018-04-30T16:30:04Z,2022-05-30T18:17:09Z,https://dagster.io,454518,4791,4791,Python,true,true,true,false,false,605,985,605,985,4791,605,85,2022-05-30
53548867,dbt-core,dbt-labs/dbt-core,https://github.com/dbt-labs/dbt-core,"dbt enables data analysts and engineers to transform their data using the same practices that software engineers use to build applications.",2016-03-10T02:38:00Z,2022-05-30T18:27:20Z,https://getdbt.com,21351,4892,4892,Python,true,false,true,true,false,902,341,902,341,4892,902,104,2022-05-30
139199684,prefect,PrefectHQ/prefect,https://github.com/PrefectHQ/prefect,"The easiest way to automate your data",2018-06-29T21:59:26Z,2022-05-31T17:19:49Z,https://prefect.io,79720,9184,9184,Python,true,true,true,false,false,906,550,906,550,9184,906,147,2022-05-31
204086862,streamlit,streamlit/streamlit,https://github.com/streamlit/streamlit,"Streamlit — The fastest way to build data apps in Python",2019-08-24T00:14:52Z,2022-05-31T18:00:48Z,https://streamlit.io,142700,19388,19388,Python,true,false,true,true,false,1737,584,1737,584,19388,1737,267,2022-05-31
370568987,datahub,acryldata/datahub,https://github.com/acryldata/datahub,"A Generalized Metadata Search & Discovery Tool",2021-05-25T04:58:37Z,2022-04-29T06:42:10Z,https://datahubproject.io,274600,6,6,Java,false,true,true,false,true,3,2,3,2,6,1527,1,2022-05-31
null,null,null,null,null,null,null,null,null,null,null,null,null,null,null,null,null,null,null,null,null,null,null,null,2022-05-31
60246359,ClickHouse,ClickHouse/ClickHouse,https://github.com/ClickHouse/ClickHouse,"ClickHouse® is a free analytics DBMS for big data",2016-06-02T08:28:18Z,2022-05-31T18:02:14Z,https://clickhouse.com,733237,23898,23898,C++,true,true,true,true,false,4784,2333,4784,2333,23898,4784,674,2022-05-31
131619646,dagster,dagster-io/dagster,https://github.com/dagster-io/dagster,"An orchestration platform for the development, production, and observation of data assets.",2018-04-30T16:30:04Z,2022-05-31T16:28:18Z,https://dagster.io,454545,4798,4798,Python,true,true,true,false,false,606,991,606,991,4798,606,85,2022-05-31
53548867,dbt-core,dbt-labs/dbt-core,https://github.com/dbt-labs/dbt-core,"dbt enables data analysts and engineers to transform their data using the same practices that software engineers use to build applications.",2016-03-10T02:38:00Z,2022-05-31T14:35:28Z,https://getdbt.com,21348,4905,4905,Python,true,false,true,true,false,902,342,902,342,4905,902,104,2022-05-31
